<OutOfBrowserSettings ShortName="Facebook.Samples.AuthenticationTool Application" EnableGPUAcceleration="True" ShowInstallMenuItem="True">
  <OutOfBrowserSettings.Blurb>Facebook.Samples.AuthenticationTool Application on your desktop; at home, at work or on the go.</OutOfBrowserSettings.Blurb>
  <OutOfBrowserSettings.WindowSettings>
    <WindowSettings Title="Facebook.Samples.AuthenticationTool Application" Height="500" Width="500" />
  </OutOfBrowserSettings.WindowSettings>
  <OutOfBrowserSettings.SecuritySettings>
    <SecuritySettings ElevatedPermissions="Required" />
  </OutOfBrowserSettings.SecuritySettings>
  <OutOfBrowserSettings.Icons />
</OutOfBrowserSettings>